year,semi_draw_position,final_draw_position,country,artist_name,song_name,language,style,gender,main_singers,key,BPM,energy,danceability,happiness,loudness,acousticness,liveness,speechiness,backing_dancers,backing_singers,backing_instruments,instrument_10,final_televote_points,final_jury_points,final_place,semi_place,favourite_10,host_10
2022,1,0,Albania,Ronela Hajati,Sekret,"Albanian, English",Pop,Female,1,F Minor,100,70,76,45,-6,5,52,5,5,0,0,0,0,0,0,12,0,0
2022,2,0,Latvia,Citi Zeni,Eat Your Salad,English,Pop,Male,1,B Minor,115,69,75,59,-8,1,34,17,0,0,4,0,0,0,0,14,0,0
2022,3,14,Lithuania,Monika Liu,Sentimentai,Lithuanian,Ballad,Female,1,C Major,93,56,68,50,-8,9,31,3,0,0,0,0,93,35,14,7,0,0
2022,4,5,Switzerland,Marius Bear,Boys Do Cry,English,Ballad,Male,1,F Major,116,18,42,39,-11,87,11,4,0,0,0,0,0,78,17,9,0,0
2022,5,0,Slovenia,LPS,Disko,Slovene,Pop,Male,1,E Minor,120,61,68,60,-6,0,5,3,0,0,4,0,0,0,0,17,0,0
2022,6,12,Ukraine,Kalush Orchestra,Stefania,Ukrainian,Traditional,Male,1,D Major,105,82,83,32,-5,14,12,4,1,2,2,0,439,192,1,1,1,0
2022,7,0,Bulgaria,Intelligent Music Project,Intention,English,Rock,Male,1,D Major,80,84,52,72,-8,3,24,3,0,0,5,0,0,0,0,16,0,0
2022,8,11,Netherlands,S10,De diepte,Dutch,Ballad,Female,1,D Minor,87,48,32,15,-6,39,14,3,0,0,0,0,42,129,11,2,0,0
2022,9,19,Moldova,Zdob si Zdub and Advahov Brothers,Trenuletul,"Romanian, English",Traditional,Male,1,C Major,142,88,70,96,-3,41,32,14,0,0,5,0,239,14,7,8,0,0
2022,10,3,Portugal,Maro,"Saudade, saudade","English, Portuguese",Ballad,Female,6,Bb Minor,83,34,64,38,-11,68,11,4,0,0,0,0,36,171,9,4,0,0
2022,11,0,Croatia,Mia Dimsic,Guilty Pleasure,"English, Croatian",Ballad,Female,1,F Major,84,59,53,51,-7,12,14,6,3,0,0,1,0,0,0,11,0,0
2022,12,0,Denmark,Reddi,The Show,English,Rock,Female,1,C Major,90,80,31,21,-5,2,37,6,0,0,3,1,0,0,0,13,0,0
2022,13,0,Austria,Lumix feat. Pia Maria,Halo,English,Dance,Female,1,Ab Major,150,91,57,69,-5,0,53,4,0,0,0,1,0,0,0,15,0,0
2022,14,18,Iceland,Systur,Meo aekkandi sol,Icelandic,Traditional,Female,3,D Minor,100,52,58,35,-12,58,7,3,0,0,1,1,10,10,23,10,0,0
2022,15,17,Greece,Amanda Georgiadi Tenfjord,Die Together,English,Ballad,Female,1,F Major,150,37,48,20,-8,12,13,7,0,0,0,0,57,158,8,3,0,0
2022,16,7,Norway,Subwoolfer,Give That Wolf a Banana,English,Pop,Male,2,G Minor,124,53,74,55,-10,20,9,4,4,0,0,0,146,36,10,6,0,0
2022,17,8,Armenia,Rosa Linn,Snap,English,Ballad,Female,1,C Major,170,64,56,53,-8,11,45,6,0,0,0,1,21,40,20,5,0,0
2022,1,4,Finland,The Rasmus,Jezebel,English,Rock,Male,1,B Minor,116,87,50,49,-4,0,8,4,0,0,3,0,26,12,21,7,0,0
2022,2,0,Israel,Michael Ben David,I.M,English,Pop,Male,1,Ab Minor,120,82,70,45,-7,1,13,6,4,0,0,0,0,0,0,13,0,0
2022,3,24,Serbia,Konstrakta,In corpore sano,"Serbian, Latin",Traditional,Female,1,C Major,136,71,92,63,-7,1,17,8,5,0,0,0,225,87,5,3,0,0
2022,4,15,Azerbaijan,Nadir Rustamli,Fade to Black,English,Ballad,Male,1,A Minor,79,30,34,30,-10,19,14,6,1,0,0,0,3,103,16,10,0,0
2022,5,0,Georgia,Circus Mircus,Lock Me In,English,Rock,Male,1,D Major,107,76,79,84,-9,0,30,4,0,0,3,1,0,0,0,18,0,0
2022,6,0,Malta,Emma Muscat,I Am What I Am,English,Pop,Female,1,G Major,98,71,56,38,-5,4,9,3,4,0,0,1,0,0,0,16,0,0
2022,7,0,San Marino,Achille Lauro,Stripper,"Italian, English",Rock,Male,1,A Major,140,80,60,55,-6,0,8,10,0,0,5,0,0,0,0,14,0,0
2022,8,21,Australia,Sheldon Riley,Not the Same,English,Ballad,Male,1,Bb Minor,128,43,36,38,-10,66,14,4,0,0,0,0,2,123,15,2,0,0
2022,9,0,Cyprus,Andromache,Ela,"English, Greek",Pop,Female,1,Eb Minor,98,63,66,65,-7,24,6,9,2,0,0,0,0,0,0,12,0,0
2022,10,0,Ireland,Brooke,That's Rich,English,Pop,Female,1,A Major,122,60,68,56,-4,0,34,3,4,0,0,0,0,0,0,15,0,0
2022,11,0,North Macedonia,Andrea,Circles,English,Ballad,Female,1,Cs Minor,144,71,54,22,-5,48,17,3,0,0,0,0,0,0,0,11,0,0
2022,12,25,Estonia,Stefan,Hope,English,Pop,Male,1,Bb Minor,123,78,52,55,-5,19,10,4,0,0,0,1,98,43,13,5,0,0
2022,13,2,Romania,WRS,Llamame,"English, Spanish",Pop,Male,1,F Minor,120,76,76,66,-6,6,15,13,4,0,0,0,53,12,18,9,0,0
2022,14,23,Poland,Ochman,River,English,Ballad,Male,1,Ab Major,140,67,51,33,-5,56,12,4,4,0,0,0,105,46,12,6,0,0
2022,15,0,Montenegro,Vladana,Breathe,"English, Italian",Ballad,Female,1,G Minor,77,46,43,20,-7,55,10,3,0,0,0,0,0,0,0,17,0,0
2022,16,16,Belgium,Jeremie Makiese,Miss You,English,Pop,Male,1,Fs Minor,144,53,63,28,-6,24,13,5,4,0,0,0,5,59,19,8,0,0
2022,17,20,Sweden,Cornelia Jakobs,Hold Me Closer,English,Ballad,Female,1,Fs Major,97,62,49,17,-8,11,14,4,0,0,0,0,180,258,4,1,0,0
2022,18,1,Czech Republic,We Are Domi,Lights Off,English,Dance,Female,1,A Minor,126,79,59,52,-6,15,21,11,0,0,2,0,5,33,22,4,0,0
2022,0,9,Italy,Mahmood and Blanco,Brividi,Italian,Ballad,Male,2,G Major,123,61,52,34,-4,45,25,3,0,0,1,0,110,158,6,-,0,1
2022,0,10,Spain,Chanel,SloMo,"Spanish, English",Pop,Female,1,Cs Minor,105,81,73,59,-3,13,9,6,5,0,0,0,228,231,3,-,0,0
2022,0,13,Germany,Malik Harris,Rockstars,English,Ballad,Male,1,G Major,81,64,65,52,-6,45,38,23,0,0,0,1,6,0,25,-,0,0
2022,0,22,United Kingdom,Sam Ryder,Space Man,English,Pop,Male,1,B Major,80,83,47,33,-2,18,10,5,0,0,2,1,183,283,2,-,0,0
2022,0,6,France,Alvan and Ahez,Fulenn,Breton,Traditional,Mix,4,Fs Major,120,84,74,48,-7,1,24,12,1,0,0,1,8,9,24,-,0,0
2021,1,18,Lithuania,The Roop,Discoteque,English,Dance,Male,1,F Major,115,80,83,63,-6,5,13,6,2,2,2,0,165,55,8,4,0,0
2021,2,0,Slovenia,Ana Soklic,Amen,English,Ballad,Female,1,Ab Minor,81,40,45,21,-10,48,15,5,0,0,0,0,0,0,0,13,0,0
2021,3,5,Russia,Manizha,Russian Woman,"Russian, English",Traditional,Female,1,E Minor,102,70,89,65,-7,20,7,19,0,4,0,0,100,104,9,3,0,0
2021,4,25,Sweden,Tusse,Voices,English,Pop,Male,1,Bb Minor,90,76,50,40,-5,0,13,4,4,0,0,0,63,46,14,7,0,0
2021,5,0,Australia,Montaigne,Technicolour,English,Pop,Female,1,A Minor,119,57,67,27,-6,7,27,3,3,0,0,0,0,0,0,14,0,0
2021,6,0,North Macedonia,Vasil,Here I Stand,English,Ballad,Male,1,G Major,138,20,32,13,-11,51,32,4,0,0,0,0,0,0,0,15,0,0
2021,7,0,Ireland,Lesley Roy,Maps,English,Pop,Female,1,G Major,143,83,54,55,-7,2,36,4,0,0,0,0,0,0,0,16,0,0
2021,8,1,Cyprus,Elena Tsagrinou,El Diablo,English,Pop,Female,1,A Minor,114,66,66,62,-8,0,84,13,4,0,0,0,44,50,16,6,0,0
2021,9,22,Norway,Tix,Fallen Angel,English,Pop,Male,1,Cs Major,93,65,54,28,-5,7,11,3,4,0,0,0,60,15,18,10,0,0
2021,10,0,Croatia,Albina,Tick-Tock,"English, Croatian",Pop,Female,1,E Minor,126,76,77,76,-5,5,34,4,4,0,0,0,0,0,0,11,0,0
2021,11,4,Belgium,Hooverphonic,The Wrong Place,English,Ballad,Female,1,F Major,80,73,49,25,-4,5,16,4,0,1,3,0,3,71,19,9,0,0
2021,12,3,Israel,Eden Alene,Set Me Free,English,Pop,Female,1,Cs Minor,107,66,75,47,-7,28,10,8,4,0,0,0,20,73,17,5,0,0
2021,13,0,Romania,Roxen,Amnesia,English,Ballad,Female,1,Bb Minor,120,69,58,25,-6,13,16,14,5,0,0,0,0,0,0,12,0,0
2021,14,21,Azerbaijan,Efendi,Mata Hari,English,Pop,Female,1,E Minor,100,68,71,46,-6,1,26,4,4,0,0,0,33,32,20,8,0,0
2021,15,19,Ukraine,Go_A,Shum,Ukrainian,Traditional,Female,1,E Major,118,74,53,50,-5,5,11,6,2,0,3,0,267,97,5,2,0,0
2021,16,6,Malta,Destiny,Je me casse,English,Pop,Female,1,Ab Minor,112,87,76,78,-4,15,28,11,4,0,0,0,47,208,7,1,1,0
2021,1,0,San Marino,Senhit,Adrenalina,English,Dance,Mix,2,Bb Minor,104,89,67,53,-6,0,39,8,4,0,0,0,13,37,0,9,0,0
2021,2,0,Estonia,Uku Suviste,The Lucky One,English,Ballad,Male,1,Ab Minor,176,64,40,41,-9,4,9,7,0,0,0,0,0,0,0,13,0,0
2021,3,0,Czech Republic,Benny Cristo,Omaga,English,Ballad,Male,1,Fs Major,122,87,72,89,-6,11,34,3,4,0,0,0,0,0,0,15,0,0
2021,4,10,Greece,Stefania,Last Dance,English,Pop,Female,1,D Minor,147,91,53,39,-5,2,7,4,4,0,0,0,79,91,10,6,0,0
2021,5,0,Austria,Vincent Bueno,Amen,English,Ballad,Male,1,Cs Major,80,38,44,8,-10,1,8,4,0,0,0,0,0,0,0,12,0,0
2021,6,0,Poland,Rafal,The Ride,English,Pop,Male,1,B Minor,132,77,69,93,-7,40,25,3,4,0,0,0,0,0,0,14,0,0
2021,7,14,Moldova,Natalia Gordienko,Sugar,English,Pop,Female,1,B Minor,120,76,69,51,-7,0,13,5,4,0,0,0,62,53,13,7,0,0
2021,8,0,Iceland,Dadi og Gagnamagnio,10 Years,English,Pop,Male,1,D Minor,123,62,80,44,-7,1,9,4,0,2,3,0,180,198,0,2,0,0
2021,9,8,Serbia,Hurricane,Loco Loco,Serbian,Pop,Female,3,C Major,105,92,65,60,-4,17,16,12,0,0,0,0,82,20,15,8,0,0
2021,10,0,Georgia,Tornike Kipiani,You,English,Ballad,Male,1,C Major,134,37,50,12,-8,24,19,2,0,0,0,0,0,0,0,16,0,0
2021,11,2,Albania,Anxhela Peristeri,Karma,Albanian,Ballad,Female,1,G Minor,150,63,52,19,-10,0,13,4,0,0,0,0,35,22,21,10,0,0
2021,12,7,Portugal,The Black Mamba,Love Is on My Side,English,Traditional,Male,1,E Major,66,42,28,24,-7,34,20,3,0,0,4,0,27,126,12,4,0,0
2021,13,17,Bulgaria,Victoria,Growing Up Is Getting Old,English,Ballad,Female,1,G Major,93,18,52,25,-8,69,9,3,0,0,0,0,30,140,11,3,0,0
2021,14,16,Finland,Blind Channel,Dark Side,English,Rock,Male,2,G Major,98,96,57,44,-4,0,27,11,0,1,3,0,218,83,6,5,0,0
2021,15,0,Latvia,Samanta Tina,The Moon Is Rising,English,Ballad,Female,1,Bb Minor,150,63,66,33,-8,4,14,14,3,0,0,0,0,0,0,17,0,0
2021,16,11,Switzerland,Gjon's Tears,Tout l'univers,French,Ballad,Male,1,A Minor,123,37,52,19,-9,83,15,3,0,0,0,0,165,267,3,1,0,0
2021,17,0,Denmark,Fyr og Flamme,Ove os pa hinanden,Danish,Pop,Male,2,C Major,124,87,68,96,-6,1,34,3,0,3,0,1,0,0,0,11,0,0
2021,0,23,Netherlands,Jeangu Macrooy,Birth of a New Age,"English, Sranan Tongo",Ballad,Male,1,C Minor,95,72,72,54,-5,48,23,6,1,2,0,0,0,11,11,-,0,1
2021,0,13,Spain,Blas Canto,Voy a quedarme,Spanish,Ballad,Male,1,Eb Major,76,72,52,36,-5,21,8,5,0,0,0,0,0,6,24,-,0,0
2021,0,9,United Kingdom,James Newman,Embers,English,Pop,Male,1,Fs Major,126,82,68,72,-5,0,11,6,0,0,4,0,0,0,26,-,0,0
2021,0,15,Germany,Jendrik,I Don't Feel Hate,English,Pop,Male,1,F Minor,114,84,83,75,-5,19,3,21,1,0,3,0,0,3,25,-,0,0
2021,0,20,France,Barbara Pravi,Voila,French,Ballad,Female,1,D Minor,135,34,45,60,-9,77,30,6,0,0,0,0,251,248,2,-,0,0
2021,0,24,Italy,Maneskin,Zitti e buoni,Italian,Rock,Male,1,E Minor,103,94,62,64,-3,0,42,7,0,0,3,0,318,206,1,-,0,0
2019,1,11,Cyprus,Tamta,Replay,English,Dance,Female,1,B Minor,102,68,71,50,-5,5,6,7,4,0,0,0,32,77,13,149,0,0
2019,2,0,Montenegro,D mol,Heaven,English,Pop,Mix,6,D Major,92,73,53,47,-8,21,31,5,0,0,0,0,0,0,0,46,0,0
2019,3,0,Finland,Darude feat. Sebastian Rejman,Look Away,English,Dance,Male,1,B Minor,126,89,50,48,-4,1,15,5,1,0,1,0,0,0,0,23,0,0
2019,4,0,Poland,Tulia,Fire of Love,"Polish, English",Traditional,Female,4,A Major,96,78,59,78,-4,2,64,3,0,0,0,0,0,0,0,120,0,0
2019,5,10,Slovenia,Zala Kralj & Gasper santl,Sebi,Slovene,Ballad,Mix,2,G Minor,108,65,78,74,-7,18,16,4,0,0,0,1,59,46,15,167,0,0
2019,6,3,Czech Republic,Lake Malawi,Friend of a Friend,English,Pop,Male,1,A Minor,106,74,70,41,-5,27,7,6,0,0,2,0,7,150,11,242,0,0
2019,7,0,Hungary,Joci Papai,Az en apam,Hungarian,Ballad,Male,1,Eb Minor,96,45,63,33,-8,55,10,4,0,0,0,0,0,0,0,97,0,0
2019,8,19,Belarus,ZENA,Like It,English,Dance,Female,1,G Minor,105,80,71,35,-8,29,20,5,2,2,0,0,13,18,24,122,0,0
2019,9,23,Serbia,Nevena Bozovic,Kruna,Serbian,Ballad,Female,1,Ab Minor,158,48,20,16,-6,21,13,3,0,0,0,0,54,35,18,156,0,0
2019,10,0,Belgium,Eliot,Wake Up,English,Ballad,Male,1,G Minor,145,20,37,23,-12,89,9,4,0,0,2,0,0,0,0,70,0,0
2019,11,0,Georgia,Oto Nemsadze,Keep on Going,Georgian,Traditional,Male,1,B Minor,120,70,32,30,-5,49,26,4,0,5,0,0,0,0,0,62,0,0
2019,12,25,Australia,Kate Miller-Heidke,Zero Gravity,English,Opera,Female,1,Fs Major,132,54,46,26,-2,57,41,4,2,0,0,0,131,153,9,261,0,0
2019,13,17,Iceland,Hatari,Hatrio mun sigra,Icelandic,Dance,Mix,2,E Minor,110,67,57,48,-10,0,9,8,4,0,0,0,186,46,10,221,0,0
2019,14,18,Estonia,Victor Crone,Storm,English,Pop,Male,1,D Major,128,59,62,29,-5,5,8,3,0,0,0,1,48,28,20,198,0,0
2019,15,0,Portugal,Conan Osiris,TelemOveis,Portuguese,Traditional,Male,1,G Major,123,37,71,24,-12,62,8,5,1,0,0,0,0,0,0,51,0,0
2019,16,13,Greece,Katerine Duska,Better Love,English,Pop,Female,1,Ab Major,88,69,37,35,-5,1,9,6,2,3,0,0,24,50,21,185,0,0
2019,17,7,San Marino,Serhat,Say Na Na Na,English,Dance,Male,1,Db Minor,118,92,68,74,-5,0,36,8,0,5,0,0,65,12,19,150,0,0
2019,1,0,Armenia,Srbuk,Walking Out,English,Pop,Female,1,Db Major,130,57,43,17,-8,0,10,4,0,0,0,0,0,0,0,49,0,0
2019,2,0,Ireland,Sarah McTernan,22,English,Pop,Female,1,C Major,125,45,71,67,-9,12,65,5,2,0,0,0,0,0,0,16,0,0
2019,3,0,Moldova,Anna Odobescu,Stay,English,Ballad,Female,1,C Minor,156,62,42,24,-5,29,20,3,1,0,0,0,0,0,0,85,0,0
2019,4,24,Switzerland,Luca Hanni,She Got Me,English,Dance,Male,1,B Minor,97,75,66,48,-6,6,8,5,4,0,0,0,212,152,4,232,0,0
2019,5,0,Latvia,Carousel,That Night,English,Pop,Female,1,G Minor,93,46,74,67,-15,26,10,5,0,0,3,0,0,0,0,50,0,0
2019,6,0,Romania,Ester Peony,On a Sunday,English,Pop,Female,1,C Minor,72,49,35,33,-6,13,11,6,2,2,1,0,0,0,0,71,0,0
2019,7,6,Denmark,Leonora,Love Is Forever,"English, French",Pop,Female,1,Db Major,136,42,73,79,-5,58,7,3,2,2,0,0,51,69,12,94,0,0
2019,8,9,Sweden,John Lundvik,Too Late for Love,English,Ballad,Male,1,C Major,104,75,40,42,-4,20,7,7,0,4,0,0,93,241,5,238,0,0
2019,9,0,Austria,PAENDA,Limits,English,Ballad,Female,1,C Major,131,36,46,18,-12,81,11,6,0,0,0,0,0,0,0,21,0,0
2019,10,0,Croatia,Roko,The Dream,"English, Croatian",Ballad,Male,1,F Minor,114,60,61,24,-10,49,34,3,2,0,0,0,0,0,0,64,0,0
2019,11,1,Malta,Michela,Chameleon,English,Pop,Female,1,Bb Minor,98,70,71,85,-4,28,17,7,4,0,0,0,20,87,14,157,0,0
2019,12,0,Lithuania,Jurij Veklenko,Run with the Lions,English,Pop,Male,1,C Major,158,64,60,41,-7,1,8,5,0,0,0,0,0,0,0,93,0,0
2019,13,5,Russia,Sergey Lazarev,Scream,English,Ballad,Male,1,Bb Major,92,52,33,26,-7,9,8,4,0,0,0,0,244,126,3,217,0,0
2019,14,2,Albania,Jonida Maliqi,Ktheju tokes,Albanian,Traditional,Female,1,Db Major,117,70,57,58,-6,2,21,5,0,3,0,0,47,43,17,96,0,0
2019,15,15,Norway,KEiiNO,Spirit in the Sky,English,Dance,Mix,3,A Minor,122,75,61,36,-6,14,11,6,0,0,0,0,291,40,6,210,0,0
2019,16,12,Netherlands,Duncan Laurence,Arcade,English,Ballad,Male,1,A Minor,72,33,45,27,-13,82,14,4,0,0,0,1,261,237,1,280,1,0
2019,17,8,North Macedonia,Tamara Todevska,Proud,English,Ballad,Female,1,C Minor,92,42,36,28,-6,82,14,3,0,0,0,0,58,247,7,239,0,0
2019,18,20,Azerbaijan,Chingiz,Truth,English,Pop,Male,1,Ab Minor,101,62,63,73,-7,5,10,4,0,0,0,0,100,202,8,224,0,0
2019,0,4,Germany,S!sters,Sister,English,Ballad,Female,2,C Major,142,45,56,22,-9,39,7,4,0,0,0,0,0,24,25,-,0,0
2019,0,14,Israel,Kobi Marimi,Home,English,Ballad,Male,1,Ab Major,110,42,55,23,-7,70,14,4,0,5,0,0,35,0,23,-,0,1
2019,0,16,United Kingdom,Michael Rice,Bigger than Us,English,Ballad,Male,1,C Major,82,55,52,57,-8,1,9,3,0,5,0,0,3,8,26,-,0,0
2019,0,21,France,Bilal Hassani,Roi,"French, English",Pop,Male,1,Fs Minor,140,67,55,54,-7,21,12,4,2,0,0,0,38,67,16,-,0,0
2019,0,22,Italy,Mahmood,Soldi,Italian,Pop,Male,1,Eb Minor,95,59,73,35,-10,4,31,5,3,0,0,0,253,219,2,-,0,0
2019,0,26,Spain,Miki,La Venda,Spanish,Pop,Male,1,C Minor,148,81,62,80,-5,8,33,6,5,0,0,0,53,1,22,-,0,0
2018,1,0,Azerbaijan,Aisel,X My Heart,English,Pop,Female,1,Ab Major,120,77,52,27,-10,0,14,3,4,0,0,0,0,0,0,94,0,0
2018,2,0,Iceland,Ari Olafsson,Our Choice,English,Ballad,Male,1,B Major,130,49,48,7,-10,0,31,3,0,5,0,0,0,0,0,15,0,0
2018,3,12,Albania,Eugent Bushpepa,Mall,Albanian,Rock,Male,4,E Major,95,76,39,41,-6,0,12,3,0,2,3,0,58,126,11,162,0,0
2018,4,0,Belgium,Sennek,A Matter of Time,English,Pop,Female,1,C Minor,88,59,66,59,-6,12,20,3,0,0,0,0,0,0,0,91,0,0
2018,5,14,Czech Republic,Mikolas Josef,Lie to Me,English,Pop,Male,1,Fs Minor,106,70,83,64,-6,0,36,12,2,0,0,0,215,66,6,232,0,0
2018,6,4,Lithuania,Ieva Zasimauskaite,When We're Old,English,Ballad,Female,1,Bb Major,90,19,34,4,-15,87,16,4,0,0,0,0,91,90,12,119,0,0
2018,7,22,Israel,Netta,Toy,English,Pop,Female,1,Eb Minor,130,71,79,80,-5,7,24,7,3,0,0,0,317,212,1,283,1,0
2018,8,0,Belarus,Alekseev,Forever,English,Ballad,Male,1,A Minor,117,59,38,41,-5,60,20,4,1,0,0,0,0,0,0,65,0,0
2018,9,6,Estonia,Elina Nechayeva,La forza,Italian,Opera,Female,1,D Minor,94,60,23,26,-8,50,27,4,0,0,0,0,102,143,8,201,0,0
2018,10,18,Bulgaria,Equinox,Bones,English,Pop,Mix,5,Fs Minor,88,57,51,43,-9,2,11,4,0,0,0,0,66,100,14,177,0,0
2018,11,0,Macedonia,Eye Cue,Lost and Found,English,Pop,Female,1,Ab Major,120,76,75,56,-3,7,11,4,0,3,2,0,0,0,0,24,0,0
2018,12,0,Croatia,Franka,Crazy,English,Pop,Female,1,A Minor,98,41,67,37,-8,36,63,3,0,0,0,0,0,0,0,63,0,0
2018,13,5,Austria,Cesar Sampson,Nobody but You,English,Pop,Male,1,B Minor,85,51,50,43,-6,9,36,3,0,0,0,0,71,271,3,231,0,0
2018,14,0,Greece,Yianna Terzi,Oniro mou,Greek,Pop,Female,1,Db Minor,150,66,42,18,-7,2,12,4,0,0,0,0,0,0,0,81,0,0
2018,15,17,Finland,Saara Aalto,Monsters,English,Pop,Female,1,C Minor,122,73,58,27,-4,1,6,4,4,0,0,0,23,23,25,108,0,0
2018,16,0,Armenia,Sevak Khanagyan,Qami,Armenian,Pop,Male,1,D Minor,75,50,34,23,-8,18,27,4,0,0,0,0,0,0,0,79,0,0
2018,17,0,Switzerland,ZiBBZ,Stones,English,Pop,Female,1,A Minor,84,81,49,56,-6,4,18,5,0,0,1,0,0,0,0,86,0,0
2018,18,24,Ireland,Ryan O'Shaughnessy,Together,English,Traditional,Male,1,F Major,94,32,70,28,-13,73,12,4,2,0,1,1,62,74,16,179,0,0
2018,19,25,Cyprus,Eleni Foureira,Fuego,English,Pop,Female,1,B Minor,101,74,59,52,-5,6,58,10,4,0,0,0,253,183,2,262,0,0
2018,1,7,Norway,Alexander Rybak,That's How You Write a Song,English,Pop,Male,1,Bb Minor,104,61,74,96,-10,1,6,5,4,0,0,1,84,60,15,266,0,0
2018,2,0,Romania,The Humans,Goodbye,English,Pop,Female,1,E Major,101,46,47,10,-9,1,15,3,0,0,5,0,0,0,0,107,0,0
2018,3,10,Serbia,Sanja Ilic & Balkanika,Nova deca,Serbian,Traditional,Mix,2,B Minor,125,87,38,30,-4,8,30,11,1,2,1,0,75,38,19,117,0,0
2018,4,0,San Marino,Jessika feat. Jenifer Brening,Who We Are,English,Pop,Female,1,Ab Minor,127,75,67,61,-6,5,16,4,2,1,0,0,0,0,0,28,0,0
2018,5,15,Denmark,Rasmussen,Higher Ground,English,Traditional,Male,1,B Minor,82,85,47,42,-5,2,13,4,4,0,0,0,188,38,9,204,0,0
2018,6,0,Russia,Julia Samoylova,I Won't Break,English,Pop,Female,1,Ab Minor,91,80,52,11,-9,0,11,3,2,3,0,0,0,0,0,65,0,0
2018,7,19,Moldova,DoReDoS,My Lucky Day,English,Pop,Mix,3,B Minor,122,87,74,82,-5,1,32,7,3,0,0,0,115,94,10,235,0,0
2018,8,23,Netherlands,Waylon,Outlaw in 'Em,English,Rock,Male,1,B Minor,87,88,58,73,-6,6,34,5,0,0,4,1,32,89,18,174,0,0
2018,9,16,Australia,Jessica Mauboy,We Got Love,English,Pop,Female,1,G Major,114,82,61,30,-4,0,23,7,0,0,0,0,9,90,20,212,0,0
2018,10,0,Georgia,Ethno-Jazz Band Iriao,For You,Georgian,Pop,Male,3,A Minor,121,56,27,21,-6,55,21,4,0,0,2,0,0,0,0,24,0,0
2018,11,0,Poland,Gromee feat. Lukas Meijer,Light Me Up,English,Dance,Male,1,Bb Major,123,74,55,46,-6,11,14,5,1,3,1,0,0,0,0,81,0,0
2018,12,0,Malta,Christabelle,Taboo,English,Pop,Female,1,G Major,122,62,64,15,-6,20,63,4,1,0,0,0,0,0,0,101,0,0
2018,13,21,Hungary,AWS,Viszlat nyar,Hungarian,Rock,Male,1,Eb Minor,164,94,33,34,-3,0,19,6,0,0,4,0,65,28,21,111,0,0
2018,14,0,Latvia,Laura Rizzotto,Funny Girl,English,Pop,Female,1,C Major,118,52,69,10,-6,40,13,5,0,0,0,0,0,0,0,106,0,0
2018,15,20,Sweden,Benjamin Ingrosso,Dance You Off,English,Pop,Male,1,Ab Major,109,69,73,76,-5,10,11,7,0,0,0,0,21,253,7,254,0,0
2018,16,0,Montenegro,Vanja Radovanovic,Inje,Montenegrin,Rock,Male,1,Fs Minor,79,45,49,34,-6,39,55,3,4,0,1,0,0,0,0,40,0,0
2018,17,3,Slovenia,Lea Sirk,"Hvala, ne!",Slovene,Pop,Female,1,Db Major,140,60,81,36,-8,1,10,5,4,0,0,0,23,41,22,132,0,0
2018,18,1,Ukraine,Melovin,Under the Ladder,English,Dance,Male,1,Bb Minor,140,74,53,33,-8,0,10,3,0,4,0,1,119,11,17,179,0,0
2018,0,8,Portugal,Claudia Pascoal,O jardim,Portuguese,Pop,Female,1,Bb Major,120,31,50,10,-10,84,28,4,0,1,0,0,18,21,26,-,0,1
2018,0,9,United Kingdom,SuRie,Storm,English,Pop,Female,1,Bb Major,116,72,65,38,-7,2,22,4,0,0,0,0,25,23,24,-,0,0
2018,0,11,Germany,Michael Schulte,You Let Me Walk Alone,English,Pop,Male,1,B Major,75,28,45,42,-10,78,10,3,0,0,0,0,136,204,4,-,0,0
2018,0,13,France,Madame Monsieur,Mercy,French,Pop,Female,1,E Minor,97,54,65,17,-7,7,58,5,0,0,1,0,59,114,13,-,0,0
2018,0,26,Italy,Ermal Meta & Fabrizio Moro,Non mi avete fatto niente,Italian,Pop,Male,2,Fs Major,90,88,57,76,-5,34,16,5,0,0,0,0,249,59,5,-,0,0
2018,0,2,Spain,Amaia & Alfred,Tu canciOn,Spanish,Pop,Mix,2,C Major,120,31,48,26,-8,87,10,3,0,0,0,0,18,43,23,-,0,0
2017,1,24,Sweden,Robin Bengtsson,I Can't Go On,English,Pop,Male,1,E Minor,109,67,74,46,-5,3,14,5,4,0,0,0,126,218,5,227,0,0
2017,2,0,Georgia,Tamara Gachechiladze,Keep the Faith,English,Pop,Female,1,G Minor,132,67,27,19,-6,15,10,6,0,0,0,0,0,0,0,99,0,0
2017,3,14,Australia,Isaiah,Don't Come Easy,English,Pop,Male,1,B Minor,79,63,33,55,-4,26,27,5,0,0,0,0,2,171,9,160,0,0
2017,4,0,Albania,Lindita,World,English,Pop,Female,1,C Major,85,77,42,30,-5,14,29,4,0,4,0,0,0,0,0,76,0,0
2017,5,23,Belgium,Blanche,City Lights,English,Pop,Female,1,C Minor,130,45,61,15,-9,24,21,3,0,0,0,0,255,108,4,165,0,0
2017,6,0,Montenegro,Slavko Kalezic,Space,English,Pop,Male,1,A Minor,120,94,58,54,-4,1,11,9,0,0,0,0,0,0,0,56,0,0
2017,7,0,Finland,Norma John,Blackbird,English,Ballad,Female,1,D Major,81,33,28,12,-11,85,14,3,0,0,1,0,0,0,0,92,0,0
2017,8,12,Azerbaijan,Dihaj,Skeletons,English,Pop,Female,1,Fs Minor,91,65,47,30,-7,4,10,4,1,4,0,0,42,78,14,150,0,0
2017,9,11,Portugal,Salvador Sobral,Amar pelos dois,Portuguese,Ballad,Male,1,F Major,88,10,21,17,-18,85,26,3,0,0,0,0,376,382,1,370,0,0
2017,10,15,Greece,Demy,This Is Love,English,Pop,Female,1,A Minor,128,68,54,22,-8,0,11,3,2,0,0,0,29,48,19,115,0,0
2017,11,2,Poland,Kasia Mos,Flashlight,English,Pop,Female,1,D Major,120,68,44,19,-6,6,37,5,0,0,1,0,41,23,22,119,0,0
2017,12,7,Moldova,Sunstroke Project,"Hey, Mamma!",English,Dance,Male,1,Bb Minor,110,81,83,64,-6,24,7,11,0,3,2,0,264,110,3,291,0,0
2017,13,0,Iceland,Svala,Paper,English,Pop,Female,1,D Minor,108,69,63,30,-5,-,18,4,0,0,0,0,0,0,0,60,0,0
2017,14,0,Czech Republic,Martina Barta,My Turn,English,Pop,Female,1,G Major,86,42,36,16,-6,44,31,4,0,0,0,0,0,0,0,83,0,0
2017,15,19,Cyprus,Hovig,Gravity,English,Pop,Male,1,Bb Minor,75,73,59,72,-7,4,11,9,2,0,0,0,32,36,21,164,0,0
2017,16,5,Armenia,Artsvik,Fly with Me,English,Pop,Female,1,E Minor,90,80,58,33,-5,79,8,15,2,0,0,0,21,58,18,152,0,0
2017,17,0,Slovenia,Omar Naber,On My Way,English,Ballad,Male,1,D Major,67,55,42,14,-6,30,52,4,0,0,0,0,0,0,0,36,0,0
2017,18,0,Latvia,Triana Park,Line,English,Pop,Female,1,Ab Minor,126,64,71,36,-7,1,19,4,0,0,3,0,0,0,0,21,0,0
2017,1,0,Serbia,Tijana Bogicevic,In Too Deep,English,Pop,Female,1,E Minor,136,65,53,42,-7,-,9,4,1,0,0,0,0,0,0,98,0,0
2017,2,4,Austria,Nathan Trent,Running on Air,English,Pop,Male,1,A Major,90,54,71,54,-5,11,23,3,0,4,0,0,0,93,16,147,0,0
2017,3,0,Macedonia,Jana Burceska,Dance Alone,English,Pop,Female,1,Cs Minor,120,76,64,40,-8,-,33,4,0,0,0,0,0,0,0,69,0,0
2017,4,0,Malta,Claudia Faniello,Breathlessly,English,Ballad,Female,1,Db Major,76,48,52,19,-6,66,9,3,0,0,0,0,0,0,0,55,0,0
2017,5,20,Romania,Ilinca ft. Alex Florea,Yodel It!,English,Pop,Mix,2,Bb Major,174,91,45,77,-5,1,12,15,0,1,0,0,224,58,7,174,0,0
2017,6,6,Netherlands,O'G3NE,Lights and Shadows,English,Pop,Female,3,Fs Major,128,73,41,51,-5,22,14,8,0,0,0,0,15,135,11,200,0,0
2017,7,8,Hungary,Joci Papai,Origo,Hungarian,Traditional,Male,1,A Minor,108,73,55,45,-6,58,48,22,1,0,0,0,152,48,8,231,0,0
2017,8,10,Denmark,Anja,Where I Am,English,Pop,Female,1,Bb Minor,91,75,40,65,-5,4,49,13,0,0,0,0,8,69,20,101,0,0
2017,9,0,Ireland,Brendan Murray,Dying to Try,English,Ballad,Male,1,F Minor,164,48,44,19,-7,63,11,3,0,0,0,0,0,0,0,86,0,0
2017,10,0,San Marino,Valentina Monetta and Jimmie Wilson,Spirit of the Night,English,Pop,Mix,2,G Minor,140,94,71,57,-4,8,12,1,3,0,0,0,0,0,0,1,0,0
2017,11,13,Croatia,Jacques Houdek,My Friend,"English, Italian",Opera,Male,1,C Major,138,65,42,30,-6,21,17,5,0,3,2,0,103,25,13,141,0,0
2017,12,17,Norway,JOWST,Grab the Moment,English,Pop,Male,1,E Minor,104,61,69,32,-7,12,9,9,0,0,3,0,29,129,10,189,0,0
2017,13,0,Switzerland,Timebelle,Apollo,English,Pop,Female,1,Bb Major,87,56,61,28,-6,11,11,9,0,0,2,0,0,0,0,97,0,0
2017,14,3,Belarus,Naviband,Story of My Life,Belarusian,Pop,Mix,2,E Major,155,97,46,43,-4,2,40,8,0,0,0,1,33,50,17,110,0,0
2017,15,25,Bulgaria,Kristian Kostov,Beautiful Mess,English,Pop,Male,1,C Minor,126,51,41,21,-8,42,11,4,0,0,0,0,337,278,2,403,0,0
2017,16,0,Lithuania,Fusedmarc,Rain of Revolution,English,Pop,Female,1,Db Major,101,79,66,30,-5,4,12,6,0,4,1,0,0,0,0,42,0,0
2017,17,0,Estonia,Koit Toome and Laura,Verona,English,Pop,Mix,2,D Minor,111,82,61,29,-4,1,35,3,0,0,0,0,0,0,0,85,0,0
2017,18,1,Israel,IMRI,I Feel Alive,English,Pop,Male,1,C Minor,128,92,69,43,-3,2,5,5,5,0,0,0,5,34,23,207,0,0
2017,0,9,Italy,Francesco Gabbani,Occidentali's Karma,Italian,Pop,Male,1,Bb Major,114,83,67,58,-4,4,11,8,1,4,0,0,208,126,6,-,1,0
2017,0,16,Spain,Manel Navarro,Do It for Your Lover,"Spanish, English",Pop,Male,1,G Major,170,77,66,88,-4,1,11,5,0,0,3,1,5,0,26,-,0,0
2017,0,18,United Kingdom,Lucie Jones,Never Give Up on You,English,Ballad,Female,1,F Major,128,37,41,25,-8,40,32,4,0,0,0,0,12,99,15,-,0,0
2017,0,21,Germany,Levina,Perfect Life,English,Pop,Female,1,Eb Major,124,70,81,52,-6,38,13,5,0,0,0,0,3,3,25,-,0,0
2017,0,22,Ukraine,O.Torvald,Time,English,Rock,Male,1,Db Minor,102,90,57,31,-5,0,12,8,0,1,4,1,24,12,24,-,0,1
2017,0,26,France,Alma,Requiem,"French, English",Pop,Female,1,B Minor,108,78,55,46,-5,-,14,14,0,0,0,0,90,45,12,-,0,0
2016,1,0,Finland,Sandhja,Sing It Away,English,Pop,Female,1,G Minor,126,90,65,58,-5,0,15,8,0,5,0,0,0,0,0,51,0,0
2016,2,0,Greece,Argo,Utopian Land,"English, Greek",Pop,Mix,4,F Minor,83,76,69,48,-5,-,17,7,0,0,2,0,0,0,0,44,0,0
2016,3,0,Moldova,Lidia Isac,Falling Stars,English,Pop,Female,1,Ab Major,126,82,63,30,-7,5,2,4,1,0,0,0,0,0,0,33,0,0
2016,4,5,Hungary,Freddie,Pioneer,English,Pop,Male,1,C Minor,72,59,51,28,-8,0,11,3,0,3,1,0,56,52,19,197,0,0
2016,5,17,Croatia,Nina Kraljic,Lighthouse,English,Pop,Female,1,Bb Minor,116,54,60,36,-5,23,21,4,0,4,0,0,33,40,23,133,0,0
2016,6,3,Netherlands,Douwe Bob,Slow Down,English,Pop,Male,1,B Minor,124,79,60,62,-5,5,6,3,0,0,5,1,39,114,11,197,0,0
2016,7,26,Armenia,Iveta Mukuchyan,LoveWave,English,Pop,Female,1,F Minor,120,72,53,31,-8,8,11,5,0,0,0,0,134,115,7,243,0,0
2016,8,0,San Marino,Serhat,I Didn't Know,English,Pop,Male,1,Fs Minor,123,70,68,54,-7,3,13,5,0,5,0,0,0,0,0,68,0,0
2016,9,18,Russia,Sergey Lazarev,You Are the Only One,English,Pop,Male,1,B Minor,128,89,63,28,-5,4,9,6,0,0,0,0,361,130,3,342,1,0
2016,10,2,Czech Republic,Gabriela Guncikova,I Stand,English,Pop,Female,1,G Minor,103,59,17,17,-6,0,31,4,0,0,0,0,0,41,25,161,0,0
2016,11,14,Cyprus,Minus One,Alter Ego,English,Rock,Male,1,Bb Minor,130,91,48,59,-4,1,10,5,0,0,4,0,53,43,21,164,0,0
2016,12,24,Austria,Zoe,Loin d'ici,French,Pop,Female,1,E Minor,143,70,62,48,-4,-,12,4,0,0,0,0,120,31,13,170,0,0
2016,13,0,Estonia,Juri Pootsmann,Play,English,Pop,Male,1,A Minor,180,63,49,31,-7,-,29,9,0,0,0,0,0,0,0,24,0,0
2016,14,4,Azerbaijan,Samra,Miracle,English,Pop,Female,1,F Minor,96,76,58,34,-3,5,14,4,0,4,0,0,73,44,17,185,0,0
2016,15,0,Montenegro,Highway,The Real Thing,English,Pop,Male,1,Cs Minor,117,76,51,43,-7,-,30,4,1,1,2,0,0,0,0,60,0,0
2016,16,0,Iceland,Greta SalOme,Hear Them Calling,English,Pop,Female,1,D Minor,134,54,54,29,-11,4,25,8,0,0,0,0,0,0,0,51,0,0
2016,17,0,Bosnia and Herzegovina,Dalal & Deen feat. Ana Rucner and Jala,Ljubav je,Bosnian,Pop,Mix,3,Eb Major,84,73,30,48,-6,34,9,12,0,0,1,0,0,0,0,104,0,0
2016,18,22,Malta,Ira Losco,Walk on Water,English,Pop,Female,1,Eb Minor,124,81,38,18,-5,0,13,5,1,0,0,0,16,137,12,209,0,0
2016,1,20,Latvia,Justs,Heartbeat,English,Pop,Male,1,Db Major,115,55,68,52,-7,3,9,7,0,0,0,0,63,69,15,132,0,0
2016,2,12,Poland,Michal Szpak,Color of Your Life,English,Pop,Male,1,A Minor,83,67,49,25,-5,9,8,3,0,0,4,0,222,7,8,151,0,0
2016,3,0,Switzerland,Rykka,The Last of Our Kind,English,Pop,Female,1,Db Minor,81,67,57,45,-5,16,43,4,0,0,0,0,0,0,0,28,0,0
2016,4,7,Israel,Hovi Star,Made of Stars,English,Ballad,Male,1,G Minor,70,41,43,36,-7,62,12,3,2,0,0,0,11,124,14,147,0,0
2016,5,0,Belarus,Ivan,Help You Fly,English,Pop,Male,1,D Minor,93,76,49,29,-6,0,15,3,0,0,0,0,0,0,0,84,0,0
2016,6,15,Serbia,Sanja Vucic ZAA,Goodbye (Shelter),English,Pop,Female,1,Ds Minor,86,72,58,32,-4,-,12,4,1,4,0,0,80,35,18,105,0,0
2016,7,0,Ireland,Nicky Byrne,Sunlight,English,Pop,Male,1,G Minor,125,9,62,48,-6,4,26,3,0,0,3,0,0,0,0,46,0,0
2016,8,0,Macedonia,Kaliopi,Dona,Macedonian,Ballad,Female,1,G Major,132,51,52,17,-7,17,11,5,0,4,1,0,0,0,0,88,0,0
2016,9,16,Lithuania,Donny Montell,I've Been Waiting for This Night,English,Ballad,Male,1,A Major,134,77,48,61,-6,0,31,4,0,0,0,0,96,104,9,222,0,0
2016,10,13,Australia,Dami Im,Sound of Silence,English,Pop,Female,1,E Minor,136,82,52,32,-4,34,10,7,0,0,0,0,191,320,2,330,0,0
2016,11,0,Slovenia,ManuElla,Blue and Red,English,Pop,Female,1,G Major,145,81,51,22,-3,9,35,4,1,0,0,0,0,0,0,57,0,0
2016,12,8,Bulgaria,Poli Genova,If Love Was a Crime,"English, Bulgarian",Dance,Female,1,C Major,110,83,61,52,-5,2,22,3,0,0,0,0,180,127,4,220,0,0
2016,13,0,Denmark,Lighthouse X,Soldiers of Love,English,Pop,Male,3,Ab Major,127,70,65,39,-7,2,6,5,0,0,0,0,0,0,0,34,0,0
2016,14,21,Ukraine,Jamala,1944,"English, Crimean Tatar",Pop,Female,1,Eb Major,120,51,81,47,-5,60,24,6,0,0,0,0,323,211,1,287,0,0
2016,15,0,Norway,Agnete,Icebreaker,English,Dance,Female,1,Fs Minor,125,72,43,18,-6,1,11,4,1,0,0,0,0,0,0,63,0,0
2016,16,23,Georgia,Nika Kocharov & Young Georgian Lolitaz,Midnight Gold,English,Rock,Male,1,E Minor,127,92,58,47,-4,-,12,8,0,0,3,1,24,80,20,123,0,0
2016,18,1,Belgium,Laura Tesoro,What's the Pressure,English,Pop,Female,1,B Major,117,81,75,76,-3,2,7,10,0,4,0,0,51,130,10,274,0,0
2016,0,6,Italy,Francesca Michielin,No Degree of Separation,"Italian, English",Pop,Female,1,C Major,150,78,29,34,-4,2,17,4,0,0,0,0,34,90,16,-,0,0
2016,0,9,Sweden,Frans,If I Were Sorry,English,Pop,Male,1,A Minor,120,85,73,12,-5,16,10,5,0,0,0,0,139,122,5,-,0,1
2016,0,10,Germany,Jamie-Lee,Ghost,English,Pop,Female,1,Bb Minor,170,60,47,21,-7,33,7,4,0,0,0,0,10,1,26,-,0,0
2016,0,11,France,Amir,J'ai cherche,"French, English",Pop,Male,1,Cs Major,120,88,57,49,-5,-,17,4,0,0,0,0,109,148,6,-,0,0
2016,0,19,Spain,Barei,Say Yay!,English,Pop,Female,1,F Minor,125,79,63,53,-6,2,10,3,0,4,0,0,10,67,22,-,0,0
2016,0,25,United Kingdom,Joe and Jake,You're Not Alone,English,Pop,Male,2,E Major,128,87,53,34,-5,0,17,5,0,0,2,1,8,54,24,-,0,0
2015,1,0,Moldova,Eduard Romanyuta,I Want Your Love,English,Pop,Male,1,Ab Major,103,81,44,87,-5,3,15,4,3,2,0,0,0,0,0,41,0,0
2015,3,13,Belgium,Loic Nottet,Rhythm Inside,English,Pop,Male,1,G Major,90,51,82,31,-5,8,7,4,0,5,0,0,186,190,4,149,0,0
2015,4,0,Netherlands,Trijntje Oosterhuis,Walk Along,English,Pop,Female,1,Fs Major,172,81,49,42,-4,-,50,4,0,4,0,0,0,0,0,33,0,0
2015,5,0,Finland,Pertti Kurikan Nimipaivat,Aina mun pitaa,Finnish,Rock,Male,1,C Major,97,85,39,80,-6,0,36,5,0,0,3,0,0,0,0,13,0,0
2015,6,15,Greece,Maria Elena Kyriakou,One Last Breath,English,Ballad,Female,1,D Minor,69,60,22,31,-7,18,41,4,0,0,1,0,29,24,19,81,0,0
2015,7,4,Estonia,Elina Born & Stig Rasta,Goodbye to Yesterday,English,Pop,Mix,2,G Minor,138,83,63,70,-5,38,39,5,0,0,0,1,53,144,7,105,0,0
2015,8,0,Macedonia,Daniel Kajmakoski,Autumn Leaves,English,Pop,Male,1,C Major,120,64,60,40,-8,63,9,3,0,3,0,0,0,0,0,28,0,0
2015,10,22,Hungary,Boggie,Wars for Nothing,English,Pop,Female,1,D Major,97,15,45,22,-12,83,16,3,0,4,0,0,29,17,20,67,0,0
2015,11,0,Belarus,Uzari & Maimuna,Time,English,Pop,Male,1,G Minor,130,84,56,51,-4,10,27,4,0,0,1,0,0,0,0,39,0,0
2015,12,25,Russia,Polina Gagarina,A Million Voices,English,Pop,Female,1,G Major,76,66,43,32,-4,18,17,3,0,2,3,0,234,286,2,182,0,0
2015,13,0,Denmark,Anti Social Media,The Way You Are,English,Pop,Male,1,C Major,125,78,58,84,-2,9,24,3,0,2,3,1,0,0,0,33,0,0
2015,15,20,Romania,Voltaj,De la capat,"Romanian, English",Pop,Male,1,E Major,98,56,57,16,-6,49,13,3,0,0,4,0,21,69,15,89,0,0
2015,16,23,Georgia,Nina Sublatti,Warrior,English,Pop,Female,1,F Minor,141,91,46,39,-4,1,22,10,0,0,0,0,62,51,11,98,0,0
2015,1,7,Lithuania,Monika Linkyte & Vaidas Baumila,This Time,English,Pop,Mix,2,Ab Major,131,87,56,32,-6,0,11,6,0,4,0,0,31,44,18,67,0,0
2015,2,0,Ireland,Molly Sterling,Playing with Numbers,English,Ballad,Female,1,C Major,79,49,56,24,-6,27,30,3,0,2,3,1,0,0,0,35,0,0
2015,4,16,Montenegro,Knez,Adio,Montenegrin,Traditional,Male,1,Fs Minor,95,56,34,29,-8,63,6,3,0,5,0,0,44,34,13,57,0,0
2015,5,0,Malta,Amber,Warrior,English,Ballad,Female,1,Gs Major,77,80,41,21,-4,-,23,7,0,0,0,0,0,0,0,43,0,0
2015,6,9,Norway,Morland & Debrah Scarlett,A Monster Like Me,English,Ballad,Mix,2,Db Minor,147,31,31,17,-8,46,10,3,0,0,0,0,163,37,8,123,0,0
2015,8,0,Czech Republic,Marta Jandova & Vaclav Noid Barta,Hope Never Dies,English,Ballad,Mix,2,D Minor,183,54,30,19,-4,-,10,3,0,0,0,0,0,0,0,33,0,0
2015,9,3,Israel,Nadav Guedj,Golden Boy,English,Pop,Male,1,Db Minor,115,83,72,70,-5,18,7,6,3,2,0,0,77,102,9,151,0,0
2015,10,19,Latvia,Aminata,Love Injected,English,Pop,Female,1,G Minor,144,29,45,16,-10,12,12,5,0,3,0,0,249,88,6,155,0,0
2015,11,24,Azerbaijan,Elnur Huseynov,Hour of the Wolf,English,Ballad,Male,1,D Major,106,67,48,19,-5,6,31,4,2,0,0,0,40,48,12,53,0,0
2015,12,0,Iceland,Maria Olafs,Unbroken,English,Pop,Female,1,Ab Major,97,61,27,46,-7,10,30,5,0,5,0,0,0,0,0,14,0,0
2015,13,10,Sweden,Mans Zelmerlow,Heroes,English,Pop,Male,1,G Major,124,79,48,37,-4,7,5,4,0,0,0,0,353,272,1,217,1,0
2015,14,0,Switzerland,Melanie Rene,Time to Shine,English,Pop,Female,1,E Minor,140,67,60,45,-7,1,14,4,0,0,4,0,0,0,0,4,0,0
2015,15,11,Cyprus,John Karayiannis,One Thing I Should Have Done,English,Ballad,Male,1,Eb Major,90,38,35,46,-8,55,37,3,0,0,0,0,63,8,22,87,0,0
2015,16,1,Slovenia,Maraaya,Here for You,English,Pop,Female,1,E Minor,158,76,29,54,-5,1,38,17,1,0,1,0,36,27,14,92,0,0
2015,17,18,Poland,Monika Kuszynska,In the Name of Love,English,Ballad,Female,1,Db Major,82,64,34,13,-7,15,18,4,0,3,1,0,2,47,23,57,0,0
2015,0,2,France,Lisa Angell,N'oubliez pas,French,Ballad,Female,1,A Minor,126,51,54,21,-6,75,10,3,0,0,4,0,24,3,25,-,0,0
2015,0,5,United Kingdom,Electro Velvet,Still in Love with You,English,Pop,Mix,2,C Major,117,81,75,74,-4,3,8,6,0,4,0,0,12,4,24,-,0,0
2015,0,14,Austria,The Makemakes,I Am Yours,English,Ballad,Male,1,Db Major,83,50,52,25,-6,31,10,3,0,0,2,1,40,0,26,-,0,1
2015,0,17,Germany,Ann Sophie,Black Smoke,English,Pop,Female,1,Db Major,172,86,61,81,-4,0,15,9,0,4,0,0,24,5,27,-,0,0
2015,0,21,Spain,Edurne,Amanecer,Spanish,Ballad,Female,1,Eb Minor,127,70,45,11,-4,14,10,3,1,0,0,0,6,26,21,-,0,0
2015,0,27,Italy,Il Volo,Grande amore,Italian,Ballad,Male,3,Db Major,142,60,46,15,-6,6,15,3,0,0,0,0,171,356,3,-,0,0
2014,1,7,Armenia,Aram MP3,Not Alone,English,Ballad,Male,1,C Minor,70,63,45,20,-7,28,20,3,0,0,0,0,113,187,4,121,1,0
2014,2,0,Latvia,Aarzemnieki,Cake to Bake,English,Pop,Male,2,Fs Major,99,69,59,81,-7,63,13,7,0,0,2,1,0,0,0,33,0,0
2014,3,0,Estonia,Tanja,Amazing,English,Dance,Female,1,F Minor,128,63,64,14,-7,1,12,4,1,0,0,0,0,0,0,36,0,0
2014,4,13,Sweden,Sanna Nielsen,Undo,English,Ballad,Female,1,Fs Major,122,49,58,26,-4,40,8,4,0,0,0,0,199,173,3,131,0,0
2014,5,4,Iceland,Pollaponk,No Prejudice,English,Rock,Male,3,G Major,108,93,71,76,-5,11,26,9,0,2,1,1,59,38,15,61,0,0
2014,7,15,Russia,Tolmachevy Sisters,Shine,English,Pop,Female,2,E Minor,120,87,63,71,-5,22,10,3,0,0,0,0,62,132,7,63,0,0
2014,8,3,Azerbaijan,Dilara Kazimova,Start a Fire,English,Ballad,Female,1,B Minor,85,32,30,31,-7,83,18,3,1,0,0,0,101,14,22,57,0,0
2014,9,1,Ukraine,Mariya Yaremchuk,Tick-Tock,English,Pop,Female,1,Fs Minor,125,90,70,73,-4,1,6,4,1,0,0,0,72,112,6,118,0,0
2014,10,0,Belgium,Axel Hirsoux,Mother,English,Ballad,Male,1,E Minor,87,33,31,25,-8,86,10,3,1,0,0,0,0,0,0,28,0,0
2014,12,25,San Marino,Valentina Monetta,Maybe,English,Ballad,Female,2,G minor,114,75,56,22,-5,-,37,4,0,0,1,0,16,15,24,40,0,0
2014,13,0,Portugal,Suzy,Quero ser tua,Portuguese,Pop,Female,1,C Major,130,92,74,92,-4,-,9,5,2,2,1,0,0,0,0,39,0,0
2014,14,24,Netherlands,The Common Linnets,Calm After the Storm,English,Traditional,Mix,2,Ab minor,90,66,57,45,-6,-,53,3,0,0,3,1,0,0,2,150,0,0
2014,15,8,Montenegro,Sergej cetkovic,Moj svijet,Montenegrin,Ballad,Male,1,Cs Major,128,70,50,32,-6,-,6,4,1,3,0,0,48,27,19,63,0,0
2014,16,21,Hungary,Andras Kallay-Saunders,Running,English,Pop,Male,1,Ab minor,90,66,57,45,-6,-,53,3,2,0,0,0,138,83,5,127,0,0
2014,1,22,Malta,Firelight,Coming Home,English,Traditional,Mix,2,Cs Major,128,70,50,32,-6,-,6,4,0,0,4,1,119,12,23,63,0,0
2014,3,5,Norway,Carl Espen,Silent Storm,English,Ballad,Male,1,A Major,75,20,35,24,-11,86,10,4,0,0,1,0,102,39,8,77,0,0
2014,5,9,Poland,Donatan & Cleo,My Slowianie – We Are Slavic,"Polish, English",Traditional,Female,1,G Major,156,85,68,68,-5,26,38,10,5,0,0,0,23,162,14,70,0,0
2014,6,11,Austria,Conchita Wurst,Rise Like a Phoenix,English,Ballad,Male,1,D Minor,82,45,43,21,-9,8,13,3,0,0,0,0,214,306,1,169,0,0
2014,7,0,Lithuania,Vilija,Attention,English,Pop,Female,1,Cs Minor,150,92,60,25,-4,-,19,12,1,3,0,0,0,0,0,36,0,0
2014,8,18,Finland,Softengine,Something Better,English,Rock,Male,1,C Major,146,88,56,37,-6,0,25,6,0,0,4,1,114,36,11,97,0,0
2014,9,0,Ireland,Can-Linn feat. Kasey Smith,Heartbeat,English,Pop,Female,1,C Major,120,84,68,74,-4,29,19,3,2,2,1,0,0,0,0,35,0,0
2014,10,2,Belarus,Teo,Cheesecake,English,Pop,Male,1,Db Minor,95,80,80,89,-4,18,7,7,0,4,0,0,50,56,16,87,0,0
2014,11,0,Macedonia,Tijana,To the Sky,English,Pop,Female,1,Db Minor,128,88,55,74,-5,0,10,5,1,3,0,0,0,0,0,33,0,0
2014,12,20,Switzerland,Sebalter,Hunter of Stars,English,Pop,Male,1,E Minor,88,89,57,92,-4,14,10,7,0,0,5,1,26,114,13,92,0,0
2014,13,10,Greece,Freaky Fortune feat. RiskyKidd,Rise Up,English,Dance,Male,2,C Minor,128,82,67,65,-6,4,39,6,0,0,1,0,45,41,20,74,0,0
2014,14,17,Slovenia,Tinkara Kovac,Round and Round,"English, Slovene",Pop,Female,1,Ab Major,120,63,54,25,-6,2,22,3,0,3,0,1,21,15,25,52,0,0
2014,15,6,Romania,Paula Seling & Ovi,Miracle,English,Dance,Mix,2,A Major,135,87,55,35,-4,2,18,4,0,0,0,0,51,103,12,125,0,0
2014,0,12,Germany,Elaiza,Is It Right,English,Traditional,Female,1,G Minor,128,74,75,77,-6,-,31,7,0,0,2,0,56,27,18,-,0,0
2014,0,14,France,TWIN TWIN,Moustache,French,Dance,Male,1,Eb Minor,128,89,66,79,-5,0,9,4,2,1,2,0,5,1,26,-,0,0
2014,0,16,Italy,Emma,La mia citta,Italian,Rock,Female,1,A Minor,136,93,65,92,-4,-,7,4,0,0,4,0,37,22,21,-,0,0
2014,0,19,Spain,Ruth Lorenzo,Dancing in the Rain,"English, Spanish",Ballad,Female,1,C Major,130,67,60,42,-7,68,10,4,0,0,0,0,83,29,10,-,0,0
2014,0,23,Denmark,Basim,Cliche Love Song,English,Pop,Male,1,Ab Major,112,84,78,71,-4,5,5,6,2,3,0,0,85,42,9,-,0,1
2014,0,26,United Kingdom,Molly,Children of the Universe,English,Pop,Female,1,Fs Major,140,76,57,42,-4,-,33,5,0,4,1,0,49,24,17,-,0,0
2013,1,0,Austria,Natalia Kelly,Shine,English,Pop,Female,1,B Minor,122,92,62,62,-5,0,7,7,0,5,0,0,0,0,0,27,0,0
2013,2,7,Estonia,Birgit,Et uus saaks alguse,Estonian,Ballad,Female,1,F Major,78,59,47,32,-5,77,7,3,0,3,0,0,0,0,20,52,0,0
2013,3,0,Slovenia,Hannah,Straight Into Love,English,Dance,Female,1,D Major,128,80,55,11,-5,0,8,5,3,0,0,0,0,0,0,8,0,0
2013,4,0,Croatia,Klapa s Mora,Mizerja,Croatian,Traditional,Male,6,Fs Major,100,52,29,29,-8,29,16,4,0,0,0,0,0,0,0,38,0,0
2013,5,18,Denmark,Emmelie de Forest,Only Teardrops,English,Pop,Female,1,C Major,128,86,62,23,-10,0,36,3,0,3,2,0,0,0,1,167,1,0
2013,6,10,Russia,Dina Garipova,What If,English,Ballad,Female,1,A Major,75,68,48,33,-6,-,31,3,0,4,0,0,0,0,5,156,0,0
2013,7,22,Ukraine,Zlata Ognevich,Gravity,English,Pop,Female,1,C Major,176,78,32,46,-4,52,29,8,1,4,0,0,0,0,3,140,0,0
2013,8,13,Netherlands,Anouk,Birds,English,Ballad,Female,1,B Major,85,41,17,9,-8,61,11,3,0,3,0,0,0,0,9,75,0,0
2013,9,0,Montenegro,Who See,Igranka,Montenegrin,Dance,Mix,3,Gs Major,130,78,75,63,-3,-,9,26,0,0,0,0,0,0,0,41,0,0
2013,10,2,Lithuania,Andrius Pojavis,Something,English,Dance,Male,1,F Major,130,74,53,52,-5,3,10,3,0,4,0,0,0,0,22,53,0,0
2013,11,8,Belarus,Alyona Lanskaya,Solayoh,English,Dance,Female,1,B Minor,95,91,81,60,-5,2,28,5,2,3,0,0,0,0,16,64,0,0
2013,12,3,Moldova,Aliona Moon,O mie,Romanian,Ballad,Female,1,D Minor,128,72,62,31,-3,56,18,3,3,0,1,0,0,0,11,95,0,0
2013,13,26,Ireland,Ryan Dolan,Only Love Survives,English,Pop,Male,1,C Minor,128,83,54,35,-5,0,19,7,0,2,3,0,0,0,26,54,0,0
2013,14,0,Cyprus,Despina Olympiou,An me thimasai,Greek,Ballad,Female,1,D Minor,105,72,63,54,-7,34,12,3,0,0,0,0,0,0,0,11,0,0
2013,15,6,Belgium,Roberto Bellarosa,Love Kills,English,Pop,Male,1,Fs Major,132,68,46,35,-7,1,17,3,2,3,0,0,0,0,12,75,0,0
2013,16,0,Serbia,Moje 3,Ljubav je svuda,Serbian,Dance,Female,3,D Minor,134,79,57,40,-3,-,27,3,0,3,0,0,0,0,0,46,0,0
2013,1,0,Latvia,PeR,Here We Go,English,Dance,Male,2,F Major,100,92,59,57,-4,-,36,5,0,0,2,0,0,0,0,13,0,0
2013,2,0,San Marino,Valentina Monetta,Crisalide (Vola),Italian,Ballad,Female,1,Eb Minor,152,83,35,60,-5,45,15,7,2,0,0,0,0,0,0,47,0,0
2013,3,0,Macedonia,Esma & Lozano,Pred da se razdeni,"Macedonian, Romani",Traditional,Mix,2,Bb Major,125,91,56,28,-4,0,33,4,0,2,0,0,0,0,0,28,0,0
2013,4,20,Azerbaijan,Farid Mammadov,Hold Me,English,Ballad,Male,1,Bb Minor,90,78,51,36,-4,1,18,3,2,0,0,0,0,0,2,139,0,0
2013,5,4,Finland,Krista Siegfrids,Marry Me,English,Pop,Female,1,Fs Minor,145,74,80,84,-8,0,7,14,3,2,0,0,0,0,24,64,0,0
2013,6,9,Malta,Gianluca,Tomorrow,English,Pop,Male,1,A Major,100,64,72,83,-7,73,9,3,0,3,0,0,0,0,8,118,0,0
2013,7,0,Bulgaria,Elitsa Todorova & Stoyan Yankoulov,Samo shampioni,Bulgarian,Traditional,Mix,2,A Minor,130,93,64,74,-5,1,9,9,0,3,0,1,0,0,0,45,0,0
2013,8,19,Iceland,Eythor Ingi,Eg a lif,Icelandic,Traditional,Male,1,A Major,75,34,49,39,-9,50,12,3,0,0,0,0,0,0,17,72,0,0
2013,9,21,Greece,Koza Mostra feat. Agathon Iakovidis,Alcohol Is Free,Greek,Traditional,Male,4,D Minor,172,94,57,73,-4,1,3,4,0,0,2,1,0,0,6,121,0,0
2013,10,0,Israel,Moran Mazor,Rak Bishvilo,Hebrew,Ballad,Female,1,Bb Minor,105,79,60,32,-4,47,52,5,0,2,1,0,0,0,0,40,0,0
2013,11,12,Armenia,Dorians,Lonely Planet,English,Rock,Male,1,B Major,160,85,33,35,-6,-,39,4,0,0,4,0,0,0,18,69,0,0
2013,12,17,Hungary,ByeAlex,Kedvesem (Zoohacker Remix),Hungarian,Pop,Male,1,C Major,82,21,66,44,-10,77,11,4,0,1,1,0,0,0,10,66,0,0
2013,13,24,Norway,Margaret Berger,I Feed You My Love,English,Dance,Female,1,B Minor,96,95,34,40,-4,0,24,42,0,3,1,0,0,0,4,120,0,0
2013,14,0,Albania,Adrian Lulgjuraj & Bledar Sejko,Identitet,Albanian,Rock,Male,2,E Major,105,85,64,78,-9,-,10,3,0,0,3,1,0,0,0,31,0,0
2013,15,25,Georgia,Nodi Tatishvili & Sophie Gelovani,Waterfall,English,Ballad,Mix,2,F Major,138,32,34,19,-9,69,17,3,0,3,0,0,0,0,15,63,0,0
2013,16,0,Switzerland,Takasa,You and Me,English,Pop,Mix,2,Ab Minor,134,76,58,69,-8,0,5,4,0,0,4,0,0,0,0,41,0,0
2013,17,14,Romania,Cezar,It's My Life,English,Dance,Male,1,B Minor,135,91,50,54,-5,20,13,9,3,0,0,0,0,0,13,83,0,0
2013,0,1,France,Amandine Bourgeois,L'enfer et moi,French,Rock,Female,1,Db Minor,90,62,55,34,-5,1,33,3,0,3,0,0,0,0,23,-,0,0
2013,0,5,Spain,ESDM,Contigo hasta el final,Spanish,Rock,Female,1,Gs Major,152,55,46,28,-7,-,8,3,0,0,5,0,0,0,25,-,0,0
2013,0,11,Germany,Cascada,Glorious,English,Dance,Female,1,G Minor,128,86,56,30,-5,-,31,5,2,0,0,0,0,0,21,-,0,0
2013,0,15,United Kingdom,Bonnie Tyler,Believe in Me,English,Rock,Female,1,Ab Major,129,64,60,21,-6,33,9,3,0,0,5,0,0,0,19,-,0,0
2013,0,16,Sweden,Robin Stjernberg,You,English,Dance,Male,1,Fs Major,126,67,62,53,-8,-,13,4,3,2,0,0,0,0,14,-,0,1
2013,0,23,Italy,Marco Mengoni,L'essenziale,Italian,Ballad,Male,1,Fs Major,126,63,56,15,-4,20,11,4,0,0,0,0,0,0,7,-,0,0
2012,2,7,Iceland,Greta Salome and Jonsi,Never Forget,English,Ballad,Mix,2,C Minor,101,73,34,48,-4,14,5,3,0,4,0,1,39,53,20,8,0,0
2012,3,16,Greece,Eleftheria Eleftheriou,Aphrodisiac,English,Dance,Female,1,B Minor,110,86,63,87,-5,0,30,3,4,1,0,0,89,60,17,4,0,0
2012,4,0,Latvia,Anmary,Beautiful Song,English,Pop,Female,1,Ab Minor,120,82,73,92,-6,6,31,5,0,4,0,0,0,0,0,16,0,0
2012,5,3,Albania,Rona Nishliu,Suus3,Albanian,Ballad,Female,1,Bb Minor,74,33,28,9,-5,80,11,3,0,0,0,0,106,157,5,2,0,0
2012,6,14,Romania,Mandinga,Zaleilah,"Spanish, English",Dance,Female,1,D Minor,127,82,70,79,-6,5,34,5,0,0,5,0,117,53,12,3,0,0
2012,7,0,Switzerland,Sinplus,Unbreakable,English,Rock,Male,1,D Major,144,94,49,50,-3,1,8,4,0,0,3,0,0,0,0,11,0,0
2012,10,0,Israel,Izabo,Time,"English, Hebrew",Pop,Male,1,B Major,130,85,46,73,-3,1,7,4,0,2,3,1,0,0,0,13,0,0
2012,11,0,San Marino,Valentina Monetta,The Social Network Song (Oh Oh – Uh - Oh Oh),English,Dance,Female,1,Ab Minor,106,91,69,89,-6,8,6,4,0,4,1,0,0,0,0,14,0,0
2012,12,8,Cyprus,Ivi Adamou,La La Love,English,Dance,Female,1,A Major,131,83,72,65,-3,-,18,5,4,1,0,0,63,85,16,7,0,0
2012,13,15,Denmark,Soluna Samay,Should've Known Better,English,Rock,Female,1,D Major,94,48,83,75,-7,56,35,5,0,1,4,0,18,51,23,9,0,0
2012,14,6,Russia,Buranovskiye Babushki,Party for Everybody,"Udmurt, English",Dance,Female,6,C Minor,126,85,65,62,-5,19,35,13,0,0,0,0,332,94,2,1,0,0
2012,15,2,Hungary,Compact Disco,Sound of Our Hearts,English,Pop,Male,1,B Minor,80,82,41,25,-4,1,18,4,0,1,4,0,20,30,24,10,0,0
2012,16,0,Austria,Trackshittaz,Woki mit deim Popo,German,Dance,Male,2,C Major,121,85,87,89,-2,4,42,4,3,0,0,0,0,0,0,18,0,0
2012,17,26,Moldova,Pasha Parfeny,Lautar,English,Pop,Male,1,G Minor,107,86,66,60,-4,11,21,6,3,2,0,0,75,104,11,5,0,0
2012,18,23,Ireland,Jedward,Waterline,English,Dance,Male,2,Bb Major,144,73,66,86,-6,0,7,4,0,4,0,0,89,14,19,6,0,0
2012,1,24,Serbia,zeljko Joksimovic,Nije ljubav stvar ,Serbian,Ballad,Male,1,Cs Minor,106,46,31,38,-6,-,10,3,0,0,5,0,211,173,3,2,0,0
2012,2,22,Macedonia,Kaliopi,Crno i belo,Macedonian,Rock,Female,1,D Minor,130,52,73,21,-10,36,8,33,0,0,5,0,0,0,13,9,0,0
2012,3,0,Netherlands,Joan Franka,You and Me,English,Pop,Female,1,Fs Major,98,64,66,70,-6,20,14,2,0,0,1,0,0,0,0,15,0,0
2012,4,21,Malta,Kurt Calleja,This Is the Night,English,Dance,Male,1,C Major,122,87,65,64,-4,0,7,4,1,0,4,0,10,70,21,7,0,0
2012,5,0,Belarus,Litesound,We Are the Heroes,English,Dance,Male,1,Db Minor,120,89,52,52,-4,1,8,4,0,0,4,0,0,0,0,16,0,0
2012,6,0,Portugal,Filipa Sousa,Vida minha,Portuguese,Ballad,Female,1,A Minor,86,21,37,21,-11,87,12,3,0,5,0,0,0,0,0,13,0,0
2012,7,25,Ukraine,Gaitana,Be My Guest,English,Dance,Female,1,F Minor,128,82,42,32,-4,-,23,8,0,0,4,0,37,125,15,8,0,0
2012,8,0,Bulgaria,Sofi Marinova,Love Unlimited,Bulgarian,Dance,Female,1,B Minor,130,66,75,86,-9,14,36,14,0,0,0,0,0,0,0,119,0,0
2012,9,0,Slovenia,Eva Boto,Verjamem,Slovene,Ballad,Female,1,F Minor,132,54,36,12,-6,31,11,3,0,5,0,0,0,0,0,17,0,0
2012,10,0,Croatia,Nina Badric,Nebo,Croatian,Ballad,Female,1,G Minor,113,65,52,31,-6,46,8,5,2,3,0,0,0,0,0,12,0,0
2012,11,17,Sweden,Loreen,Euphoria,English,Dance,Female,1,B Minor,132,78,56,39,-5,14,28,4,1,0,0,0,343,296,1,1,1,0
2012,13,18,Turkey,Can Bonomo,Love Me Back,English,Traditional,Male,1,E Major,102,96,70,64,-5,18,73,7,5,0,0,0,176,50,7,5,0,0
2012,14,11,Estonia,Ott Lepland,Kuula,Estonian,Ballad,Male,1,F Major,129,31,37,14,-8,45,9,3,0,1,0,0,78,152,6,4,0,0
2012,16,12,Norway,Tooji,Stay,English,Dance,Male,1,F Minor,127,90,61,59,-3,0,8,11,4,1,0,0,16,24,26,109,0,0
2012,17,5,Bosnia and Herzegovina,Maya Sar,Korake ti znam,Bosnian,Ballad,Female,1,A Major,122,35,38,44,-8,71,24,3,0,0,0,1,0,0,18,6,0,0
2012,18,4,Lithuania,Donny Montell,Love Is Blind,English,Ballad,Male,1,Eb Minor,124,31,76,8,-10,32,11,6,0,0,0,0,68,82,14,3,0,0
2012,0,1,United Kingdom,Engelbert Humperdinck,Love Will Set You Free,English,Ballad,Male,1,D Minor,120,32,46,24,-8,86,14,3,2,0,1,0,36,11,25,-,0,0
2012,0,9,France,Anggun,Echo (You and I),"French, English",Pop,Female,1,Bb Major,137,79,58,70,-5,0,10,3,3,2,0,0,0,85,22,-,0,0
2012,0,10,Italy,Nina Zilli,L'amore e femmina (Out of Love),"English, Italian",Pop,Female,1,Db minor,140,79,61,48,-4,-,22,4,0,3,0,0,56,157,9,-,0,0
2012,0,13,Azerbaijan,Sabina Babayeva,When the Music Dies,English,Ballad,Female,1,Db Minor,92,9,22,30,-4,61,43,3,3,1,0,0,151,118,4,-,0,1
2012,0,19,Spain,Pastora Soler,Quedate conmigo (Stay With Me),Spanish,Ballad,Female,1,Ab Major,84,66,49,20,-5,36,52,3,0,5,0,0,45,154,10,-,0,0
2012,0,20,Germany,Roman Lob,Standing Still,English,Pop,Male,1,Bb Major,108,87,59,4,-8,6,11,4,0,0,4,1,125,98,8,-,0,0
2011,1,0,Poland,Magdalena Tul,Jestem,Polish,Pop,Female,1,F Minor,129,93,73,55,-5,0,32,12,2,3,0,0,0,0,0,19,0,0
2011,2,0,Norway,Stella Mwangi,Haba Haba,"English, Swahili",Pop,Female,1,Ab Major,124,91,73,97,-5,3,17,3,0,5,0,0,0,0,0,17,0,0
2011,3,0,Albania,Aurela Gaçe,Feel the Passion,English,Rock,Female,1,Ab Minor,75,26,44,12,-10,84,11,4,0,3,2,0,0,0,0,14,0,0
2011,7,10,Russia,Alexey Vorobyov,Get You,"English, Russian",Pop,Male,1,C Major,123,64,75,54,-8,-,11,6,3,0,0,0,138,25,16,9,0,0
2011,8,13,Switzerland,Anna Rossinelli,In Love for a While,English,Pop,Female,1,A Major,128,40,76,65,-6,25,10,4,0,0,2,0,2,53,25,10,0,0
2011,9,25,Georgia,Eldrine,One More Day,English,Rock,Female,1,Ab Minor,116,86,63,40,-5,0,25,4,0,0,5,0,138,79,9,6,0,0
2011,10,1,Finland,Paradise Oskar,Da Da Dam,English,Pop,Male,1,D Major,73,51,53,18,-8,17,9,3,0,0,0,1,47,75,21,3,0,0
2011,11,0,Malta,Glen Vella,One Life,English,Pop,Male,1,A Minor,137,90,70,35,-3,7,8,9,2,3,0,0,0,0,0,11,0,0
2011,12,0,San Marino,Senit,Stand By,English,Ballad,Female,1,F Major,76,56,44,44,-6,-,12,3,0,3,2,0,0,0,0,16,0,0
2011,13,0,Croatia,Daria,Celebrate,English,Dance,Female,1,Fs Major,128,87,77,38,-7,0,8,4,0,4,1,0,0,0,0,15,0,0
2011,14,21,Iceland,Sjonni's Friends,Coming Home,English,Pop,Male,6,D Major,92,72,63,81,-6,33,18,4,0,0,0,1,60,72,20,4,0,0
2011,15,5,Hungary,Kati Wolf,What About My Dreams?,"English, Hungarian",Dance,Female,1,E Minor,127,90,50,16,-4,-,22,9,3,2,0,0,64,60,22,7,0,0
2011,17,4,Lithuania,Evelina Sasenko,C'est ma vie,English,Ballad,Female,1,E Major,163,28,25,9,-9,51,17,3,0,0,0,1,55,66,19,5,0,0
2011,18,19,Azerbaijan,Ell & Nikki,Running Scared,English,Ballad,Mix,2,C Major,172,70,32,24,-4,2,36,3,0,4,0,0,223,182,1,2,0,0
2011,19,9,Greece,Loukas Giorkas feat. Stereo Mike,Watch My Dance,"English, Greek",Pop,Male,2,F Minor,134,87,56,42,-4,-,6,5,3,1,0,0,176,84,7,1,0,0
2011,1,2,Bosnia and Herzegovina,Dino Merlin,Love in Rewind,English,Pop,Male,1,Fs Minor,84,65,53,39,-8,45,4,3,0,0,5,0,0,0,6,5,0,0
2011,2,18,Austria,Nadine Beiler,The Secret Is Love,English,Ballad,Female,1,G Major,123,47,51,10,-5,21,10,4,0,5,0,0,25,145,18,7,0,0
2011,3,0,Netherlands,3JS,Never Alone,English,Ballad,Male,1,C Major,97,83,48,57,-6,1,32,3,0,3,2,0,0,0,0,19,0,0
2011,4,0,Belgium,Witloof Bay,With Love Baby,English,Pop,Mix,6,C Minor,88,62,88,67,-9,17,22,15,0,0,0,0,0,0,0,11,0,0
2011,5,0,Slovakia,TWiiNS,I'm Still Alive,English,Ballad,Female,2,A Major,87,76,50,34,-3,41,7,3,0,2,2,0,0,0,0,13,0,0
2011,6,23,Ukraine,Mika Newton,Angel,English,Ballad,Female,1,F Minor,162,54,44,22,-9,14,20,3,1,1,0,0,168,117,4,6,0,0
2011,7,15,Moldova,Zdob si Zdub,So Lucky,English,Rock,Male,1,E Minor,148,89,74,81,-4,1,10,6,1,0,4,0,98,82,12,10,0,0
2011,8,7,Sweden,Eric Saade,Popular,English,Dance,Male,1,A Major,125,96,54,49,-5,0,5,10,3,2,0,0,221,106,3,1,0,0
2011,12,0,Israel,Dana International,Ding Dong,"Hebrew, English",Pop,Female,1,As Minor,128,84,66,36,-4,-,32,3,0,5,0,0,0,0,0,15,0,0
2011,13,20,Slovenia,Maja Keuc,No One,English,Ballad,Female,1,F Minor,88,81,28,31,-3,8,11,4,0,4,0,0,39,160,13,3,0,0
2011,15,8,Estonia,Getter Jaani,Rockefeller Street,English,Pop,Female,1,Eb Minor,130,89,81,75,-4,12,10,5,3,2,0,0,32,74,24,9,0,0
2011,17,0,Latvia,Musiqq,Angel in Disguise,English,Pop,Male,2,Bb Major,125,79,63,61,-4,1,9,5,0,4,0,1,0,0,0,17,0,0
2011,18,3,Denmark,A Friend in London,New Tomorrow,English,Rock,Male,1,G Major,147,67,50,41,-6,16,10,3,0,2,3,1,61,168,5,2,0,0
2011,19,6,Ireland,Jedward,Lipstick,English,Pop,Male,2,F Minor,138,48,73,15,-10,0,36,5,0,4,0,0,101,119,8,8,0,0
2011,0,11,France,Amaury Vassili,Sognu,Corsican,Ballad,Male,1,Bb Minor,128,77,29,23,-4,80,15,5,0,0,0,0,76,90,15,-,1,0
2011,0,12,Italy,Raphael Gualazzi,Madness of Love,"Italian, English",Ballad,Male,1,C Major,144,41,53,37,-7,72,22,4,0,0,5,1,99,251,2,-,0,0
2011,0,14,United Kingdom,Blue,I Can,English,Pop,Male,4,Ab Major,93,90,60,70,-6,-,11,7,0,2,0,0,166,57,11,-,0,0
2011,0,16,Germany,Lena,Taken by a Stranger,English,Pop,Female,1,F Minor,160,38,75,37,-12,5,11,8,3,2,0,0,113,104,10,-,0,1
2011,0,22,Spain,Lucia Perez,Que me quiten lo bailao,Spanish,Pop,Female,1,D Major,99,86,68,86,-3,27,6,8,0,5,0,0,73,38,23,-,0,0
2010,1,4,Moldova,SunStroke Project and Olia Tira,Run Away,English,Pop,Mix,2,Eb Minor,130,93,66,36,-3,1,18,8,3,0,1,1,28,33,22,-,0,0
2010,2,20,Russia,Peter Nalitch and Friends,Lost and Forgotten,English,Ballad,Male,1,C Major,98,47,36,21,-4,16,10,3,0,0,5,0,107,63,11,7,0,0
2010,3,0,Estonia,Malcolm Lincoln,Siren,English,Pop,Male,1,A Major,103,63,59,56,-7,-,17,4,0,4,1,0,0,0,0,14,0,0
2010,4,0,Slovakia,Kristina,Horehronie,Slovak,Traditional,Female,1,As Mijor,120,91,70,48,-5,-,24,5,4,1,0,0,0,0,0,16,0,0
2010,5,0,Finland,Kuunkuiskaajat,Tyolki ellaa,Finnish,Traditional,Female,2,A Minor,115,84,46,55,-5,69,9,8,0,2,1,1,0,0,0,11,0,0
2010,6,0,Latvia,Aisha,What For?,English,Ballad,Female,1,G Minor,78,62,64,45,-4,6,19,3,0,4,0,0,0,0,0,17,0,0
2010,7,8,Serbia,Milan Stankovic,Ovo je Balkan,Serbian,Pop,Male,1,G minor,105,66,81,97,-10,-,59,6,2,2,0,0,110,37,13,5,0,0
2010,8,6,Bosnia and Herzegovina,Vukasin Brajic,Thunder and Lightning,English,Rock,Male,1,F Minor,187,63,31,42,-6,-,16,3,0,5,0,1,0,0,17,8,0,0
2010,9,0,Poland,Marcin Mrozinski,Legenda,"English, Polish",Ballad,Male,1,E Major,168,72,26,43,-7,-,6,8,2,3,0,0,0,0,0,13,0,0
2010,10,7,Belgium,Tom Dice,Me and My Guitar,English,Pop,Male,1,A Major,129,34,47,42,-8,62,14,3,0,0,0,1,76,185,6,1,0,0
2010,11,0,Malta,Thea Garrett,My Dream,English,Ballad,Female,1,Fs Major,138,67,44,31,-5,14,12,3,1,3,0,0,0,0,0,12,0,0
2010,12,15,Albania,Juliana Pasha,It's All About You,English,Pop,Female,1,Cs Major,137,80,59,72,-5,-,24,3,0,3,1,0,35,97,16,6,0,0
2010,13,11,Greece,Giorgos Alkaios and Friends,OPA,Greek,Pop,Male,1,C Major,135,94,73,74,-4,0,7,4,0,4,0,0,152,110,8,2,0,0
2010,14,23,Portugal,Filipa Azevedo,Ha dias assim,Portuguese,Ballad,Female,1,Fs Major,132,47,52,26,-7,-,21,3,0,3,1,0,24,69,18,4,0,0
2010,15,0,Macedonia,Gjoko Taneski,Jas ja imam silata,Macedonian,Pop,Male,1,E Minor,102,94,45,36,-3,-,28,7,2,2,1,0,0,0,0,15,0,0
2010,16,9,Belarus,3+2 feat Robert Wells,Butterflies,English,Ballad,Mix,5,C Major,130,29,43,19,-9,-,10,3,0,0,1,0,18,22,24,9,0,0
2010,17,16,Iceland,Hera Bjork,Je ne sais quoi,English,Dance,Female,1,Eb Minor,132,88,53,28,-4,3,17,7,0,5,0,0,40,57,19,3,0,0
2010,1,0,Lithuania,InCulto,Eastern European Funk,English,Dance,Male,5,A Major,134,76,83,93,-7,3,18,5,0,0,0,0,0,0,0,12,0,0
2010,2,21,Armenia,Eva Rivas,Apricot Stone,English,Pop,Female,1,B Minor,101,67,61,38,-9,25,16,10,1,3,1,0,166,116,7,6,0,0
2010,3,24,Israel,Harel Skaat,Milim,Hebrew,Ballad,Male,1,Ab Minor,115,51,39,20,-6,60,19,3,0,2,1,0,27,134,14,8,0,0
2010,4,25,Denmark,Chanee and N'evergreen,In a Moment Like This,English,Pop,Mix,2,Fs Major,95,77,66,39,-5,28,10,3,0,4,0,0,174,121,4,5,0,0
2010,5,0,Switzerland,Michael von der Heide,Il pleut de l'or,French,Pop,Male,1,F Minor,128,75,73,73,-6,11,33,3,0,3,1,0,0,0,0,17,0,0
2010,6,0,Sweden,Anna Bergendahl,This Is My Life,English,Pop,Female,1,C Minor,83,60,54,45,-5,-,28,3,0,5,0,1,0,0,0,11,0,0
2010,7,1,Azerbaijan,Safura,Drip Drop,English,Ballad,Female,1,Fs Major,148,66,47,23,-4,1,8,3,1,3,0,0,161,116,5,2,0,0
2010,8,17,Ukraine,Alyosha,Sweet People,English,Ballad,Female,1,E Minor,120,41,63,12,-6,72,14,4,0,0,0,0,94,129,10,7,0,0
2010,9,0,Netherlands,Sieneke,Ik ben verliefd,Dutch,Pop,Female,1,Db Minor,162,91,62,77,-3,29,6,5,0,3,2,0,0,0,0,14,0,0
2010,10,19,Romania,Paula Seling and Ovi,Playing with Fire,English,Pop,Mix,2,G Major,122,82,66,96,-3,2,6,4,0,4,0,1,155,167,3,4,0,0
2010,12,10,Ireland,Niamh Kavanagh,It's for You,English,Ballad,Female,1,C Major,130,46,40,16,-5,33,9,3,0,4,0,0,15,62,23,9,0,0
2010,13,0,Bulgaria,Miro,Angel si ti,"Bulgarian, English",Pop,Male,1,D Minor,133,94,59,68,-4,-,38,5,4,0,0,0,0,0,0,15,0,0
2010,14,5,Cyprus,Jon Lilygreen and The Islanders,Life Looks Better in Spring,English,Pop,Male,1,C Major,152,56,55,48,-9,-,14,3,0,2,3,1,16,57,21,10,0,0
2010,15,0,Croatia,Feminnem,Lako je sve,Croatian,Ballad,Female,3,Eb Minor,76,64,50,49,-5,38,15,4,2,0,0,0,0,0,0,13,0,0
2010,16,13,Georgia,Sofia Nizharadze,Shine,English,Ballad,Female,1,D Major,126,49,46,17,-7,17,31,3,3,2,0,0,127,160,9,3,0,0
2010,17,14,Turkey,maNga,We Could Be the Same,English,Rock,Male,1,A Minor,112,68,56,41,-7,1,14,3,0,0,4,0,177,119,2,1,0,0
2010,0,2,Spain,Daniel Diges,Algo pequenito,Spanish,Pop,Male,1,D Minor,88,62,37,71,-5,73,27,8,4,1,0,0,106,43,15,-,0,0
2010,0,3,Norway,Didrik Solli-Tangen,My Heart Is Yours,English,Ballad,Male,1,A Major,133,24,28,22,-5,83,13,3,0,5,0,0,18,61,20,-,0,1
2010,0,12,United Kingdom,Josh Dubovie,That Sounds Good to Me,English,Pop,Male,1,G Major,124,69,55,38,-11,14,18,4,2,3,0,0,0,0,25,-,0,0
2010,0,18,France,Jessy Matador,Allez Ola Ole,French,Dance,Male,1,B Major,129,93,64,72,-5,0,6,6,3,2,0,0,151,34,12,-,0,0
2010,0,22,Germany,Lena,Satellite,English,Pop,Female,1,E Minor,95,94,75,87,-10,0,10,5,0,4,0,0,243,187,1,-,1,0
2009,1,0,Montenegro,Andrea Demirovic,Just Get Out of My Life,English,Pop,Female,1,G Minor,138,91,56,56,-3,2,66,5,1,0,0,0,0,0,0,-,0,0
2009,2,0,Czech Republic,Gipsy.cz,Aven Romale,"English, Romani",Traditional,Male,1,Bb Minor,154,84,80,69,-7,20,23,46,0,0,5,0,0,0,0,18,0,0
2009,3,0,Belgium,Copycat,Copycat,English,Pop,Male,1,D Major,88,100,50,58,-3,-,37,24,0,2,2,0,0,0,0,17,0,0
2009,4,0,Belarus,Petr Elfimov,Eyes That Never Lie,English,Rock,Male,1,D Minor,138,90,39,26,-4,0,34,5,1,2,1,0,0,0,0,13,0,0
2009,5,4,Sweden,Malena Ernman,La voix,"French, English",Traditional,Female,1,Bb Major,128,65,52,46,-4,35,21,4,5,0,0,0,59,27,21,4,0,0
2009,6,9,Armenia,Inga and Anush,Jan Jan,"English, Armenian",Traditional,Female,2,E Minor,115,86,78,76,-4,36,35,8,4,0,0,0,111,71,10,5,0,0
2009,7,0,Andorra,Susanne Georgi,La teva decisio (Get a Life),"Catalan, English",Pop,Female,1,D Major,133,40,77,92,-16,7,10,5,0,2,2,0,0,0,0,15,0,0
2009,8,0,Switzerland,Lovebugs,The Highest Heights,English,Rock,Male,1,D Minor,118,93,47,29,-4,1,38,4,0,0,4,0,0,0,0,14,0,0
2009,9,18,Turkey,Hadise,Dum Tek Tek,English,Dance,Female,1,F Major,115,97,75,87,-4,13,8,6,2,2,0,0,203,114,4,2,0,0
2009,10,2,Israel,Noa and Mira Awad,There Must Be Another Way,"English, Hebrew, Arabic",Pop,Female,2,Db Major,106,79,60,69,-5,23,10,2,0,0,3,0,15,107,16,7,0,0
2009,11,0,Bulgaria,Krassimir Avramov,Illusion,English,Dance,Mix,4,E Minor,130,91,49,44,-5,1,9,7,2,0,0,0,0,0,0,16,0,0
2009,12,7,Iceland,Yohanna,Is It True?,English,Ballad,Female,1,C Minor,84,57,47,23,-7,35,7,3,0,3,2,0,173,260,2,1,0,0
2009,14,22,Romania,Elena,The Balkan Girls,English,Dance,Female,1,F Major,130,86,72,63,-4,2,5,3,4,0,0,0,64,31,19,9,0,0
2009,15,24,Finland,Waldo's People,Lose Control,English,Pop,Male,1,G Major,138,96,56,88,-4,0,26,6,2,3,0,0,30,12,25,12,0,0
2009,16,6,Portugal,Flor-de-Lis,Todas as ruas do amor,Portuguese,Traditional,Female,1,G Major,95,70,50,33,-5,34,12,3,0,0,5,0,45,64,15,8,0,0
2009,17,14,Malta,Chiara,What If We,English,Ballad,Female,1,Db Major,123,44,48,14,-7,62,7,3,0,0,0,0,18,87,22,6,0,0
2009,18,12,Bosnia and Herzegovina,Regina,Bistra voda,Bosnian,Ballad,Male,1,Fs Minor,152,78,52,38,-4,44,11,4,0,0,5,0,124,90,9,3,0,0
2009,1,5,Croatia,Igor Cukrov feat. Andrea,Lijepa Tena,Croatian,Ballad,Mix,2,Db Minor,116,69,58,43,-4,56,8,3,0,4,0,0,55,58,18,13,0,0
2009,2,0,Ireland,Sinead Mulvey and Black Daisy,Et Cetera,English,Rock,Female,1,F Minor,170,75,45,44,-6,0,36,3,0,0,3,0,0,0,0,11,0,0
2009,4,0,Serbia,Marko Kon and Milaan,Cipela,Serbian,Traditional,Male,1,Cs Major,140,96,82,87,-2,-,9,8,4,0,1,0,0,0,0,10,0,0
2009,5,0,Poland,Lidia Kopania,I Don't Wanna Leave,English,Ballad,Female,1,Fs Major,144,69,45,26,-4,31,55,3,2,3,0,0,0,0,0,12,0,0
2009,6,20,Norway,Alexander Rybak,Fairytale,English,Traditional,Male,1,D Minor,108,79,58,67,-5,62,23,3,3,2,0,1,378,312,1,1,1,0
2009,7,0,Cyprus,Christina Metaxa,Firefly,English,Ballad,Female,1,Fs Major,102,42,57,34,-6,-,6,3,0,5,0,0,0,0,0,14,0,0
2009,9,16,Denmark,Niels Brinck,Believe Again,English,Rock,Male,1,E Minor,128,75,66,34,-5,1,10,5,0,0,5,0,40,120,13,8,0,0
2009,10,0,Slovenia,Quartissimo feat. Martina,Love Symphony,"English, Slovene",Pop,Female,1,A Major,132,92,62,40,-2,-,33,3,0,0,4,0,0,0,0,16,0,0
2009,11,0,Hungary,Zoli adok,Dance with Me,English,Pop,Male,1,Ab Major,125,96,66,81,-4,0,8,10,3,2,0,0,0,0,0,15,0,0
2009,12,11,Azerbaijan,AySel and Arash,Always,English,Pop,Mix,2,Ds Minor,108,95,65,71,-2,-,6,5,3,0,0,0,253,112,3,2,0,0
2009,13,8,Greece,Sakis Rouvas,This Is Our Night,English,Dance,Male,1,Fs Minor,128,92,65,65,-5,4,16,7,4,0,0,0,151,93,7,4,0,0
2009,14,1,Lithuania,Sasha Son,Love,"English, Russian",Ballad,Male,1,A Minor,103,58,35,40,-8,-,9,4,0,3,1,0,38,31,23,9,0,0
2009,15,13,Moldova,Nelly Ciobanu,Hora din Moldova,"Romanian, English",Traditional,Female,1,Fs Minor,90,86,57,52,-5,-,17,5,4,1,0,0,66,93,14,5,0,0
2009,16,19,Albania,Kejsi Tola,Carry Me in Your Dreams,English,Dance,Female,1,Ab Minor,128,67,68,67,-8,0,8,5,3,2,0,0,81,26,17,7,0,0
2009,17,21,Ukraine,Svetlana Loboda,Be My Valentine! (Anti-Crisis Girl),English,Pop,Female,1,Fs Minor,125,92,61,85,-4,-,64,6,5,0,0,1,70,68,12,6,0,0
2009,18,15,Estonia,Urban Symphony,Randajad,Estonian,Ballad,Female,1,F Minor,124,72,69,64,-6,3,33,4,0,2,3,1,129,124,6,3,0,0
2009,19,0,Netherlands,The Toppers,Shine,English,Pop,Male,3,Gs Major,132,89,66,79,-5,-,12,9,0,3,0,0,0,0,0,17,0,0
2009,0,3,France,Patricia Kaas,Et s'il fallait le faire,French,Ballad,Female,1,A Major,92,58,26,23,-8,55,90,8,0,0,0,0,54,164,8,-,0,0
2009,0,10,Russia,Anastasiya Prikhodko,Mamo,"Russian, Ukrainian",Ballad,Female,1,D Minor,130,94,64,45,-4,41,26,5,0,5,0,0,118,67,11,-,0,1
2009,0,17,Germany,Alex Swings Oscar Sings!,Miss Kiss Kiss Bang,English,Pop,Male,1,Bb Minor,136,89,62,56,-4,11,20,21,3,1,1,0,18,73,20,-,0,0
2009,0,23,United Kingdom,Jade Ewen,It's My Time,English,Ballad,Female,1,E Major,105,31,30,12,-14,1,29,3,0,0,5,0,105,223,5,-,0,0
2009,0,25,Spain,Soraya Arnelas,La noche es para mi,"Spanish, English",Dance,Female,1,F Minor,126,70,69,87,-7,1,14,3,2,3,0,0,38,9,24,-,0,0
